dataset,task,n_components,framework,model,encoding,f1_macro_mean,f1_macro_std,accuracy_mean,gram_offdiag_std_mean,n_folds,sweep_start,parent_run_id,is_latest
cic-malmem,multiclass,1,classical,lightgbm,,0.11673518515623771,0.02675382146077912,0.51,,5,2026-07-14 12:21:19.395000+00:00,898786a56feb4536abe83b721d7fc0fa,False
cic-malmem,multiclass,1,classical,lightgbm,,0.1194680932044827,0.020456038208717598,0.5289999999999999,,5,2026-07-14 13:44:07.533000+00:00,d459dd3944fe4b629d7326f0f2e13580,False
cic-malmem,multiclass,1,classical,lightgbm,,0.1094444474827176,0.0226091615793859,0.11000000000000001,,5,2026-07-15 18:56:06.415000+00:00,b0f3e123a8eb4fa0aac418ec963b5ef9,True
cic-malmem,multiclass,1,quantum,qsvm,angle,0.08041494671709688,0.014434637754842454,0.515,0.31036368477391213,5,2026-07-14 12:18:47.635000+00:00,be20f9a1bac64fe0999ea8494dfe21e6,False
cic-malmem,multiclass,1,quantum,qsvm,angle,0.05496877845820428,0.009513871477020966,0.1,0.11917186420310728,5,2026-07-25 08:21:02.937000+00:00,c2e760ba82cc4991a3e64d5dee1e18df,True
cic-malmem,multiclass,1,quantum,qsvm,iqp,0.05593358032321423,0.007708414133428709,0.101,0.09269304224982632,5,2026-07-25 08:25:14.843000+00:00,0a9eb01016f34b9688588953aa07f323,True
cic-malmem,multiclass,1,quantum,qsvm,joint,0.09933719056015712,0.01926834022154554,0.539,0.12523741307498706,5,2026-07-14 13:29:20.101000+00:00,2c4939db51544f8684b18a4952881bd7,False
cic-malmem,multiclass,1,quantum,qsvm,joint,0.05765708908839197,0.007555746032103817,0.098,0.1065427623138222,5,2026-07-15 18:38:14.441000+00:00,6b7856f689404628a14810670b71e0c9,True
cic-malmem,multiclass,1,classical,random_forest,,0.08326020018735034,0.01247223123705077,0.4800000000000001,,5,2026-07-14 12:19:21.939000+00:00,0bff0916b7944a77a174368959f17c26,False
cic-malmem,multiclass,1,classical,random_forest,,0.11886156726513875,0.013931225336525842,0.5269999999999999,,5,2026-07-14 13:41:08.397000+00:00,74b7c165a95341a0af703a5854884877,False
cic-malmem,multiclass,1,classical,random_forest,,0.12830469957598536,0.035922487204597994,0.128,,5,2026-07-15 18:50:18.507000+00:00,aee277c5d6c94df9a3a51bf5d179fb56,True
cic-malmem,multiclass,1,classical,svm,,0.08166008829118582,0.015436939316563928,0.5,,5,2026-07-14 12:22:26.468000+00:00,7a7daa6e159e49b29e9f22e6cc3681e5,False
cic-malmem,multiclass,1,classical,svm,,0.12447427760093595,0.009396669703074857,0.541,,5,2026-07-14 13:47:49.321000+00:00,186d0beb1b3a41a0bf4342caf5cbafde,False
cic-malmem,multiclass,1,classical,svm,,0.10746862194622038,0.016402887193071983,0.11099999999999999,,5,2026-07-15 19:01:17.079000+00:00,b31eac6d08034c00bc24eb9165928c09,False
cic-malmem,multiclass,1,classical,svm,,0.10746862194622038,0.016402887193071983,0.11099999999999999,,5,2026-07-25 09:24:14.920000+00:00,45c7eb9e85a04e23acfd1125a33849f6,True
cic-malmem,multiclass,1,classical,xgboost,,0.08674556054771071,0.038865500684381986,0.505,,5,2026-07-14 12:20:31.355000+00:00,353a602915644f0bb1832dc1db66c991,False
cic-malmem,multiclass,1,classical,xgboost,,0.12399294289038017,0.01590426081375972,0.5280000000000001,,5,2026-07-14 13:42:29.326000+00:00,e254c1ee9c2144d2be9c551165cbc6a2,False
cic-malmem,multiclass,1,classical,xgboost,,0.10101408832749752,0.016168162220081172,0.10200000000000001,,5,2026-07-15 18:52:14.991000+00:00,02cf4595fd2b4378b50e496b25c582b2,True
cic-malmem,multiclass,2,classical,lightgbm,,0.1479709279908178,0.049825052168223874,0.54,,5,2026-07-14 12:25:17.386000+00:00,c63154681a6c4ab9bccd538e96bb39fa,False
cic-malmem,multiclass,2,classical,lightgbm,,0.18652051268354,0.030657784158825977,0.567,,5,2026-07-14 14:10:29.263000+00:00,605426d5c77e469e840a9c6b608e3120,True
cic-malmem,multiclass,2,quantum,qsvm,joint,0.06632889388104406,0.006302424438488273,0.5,0.23933183767487148,5,2026-07-14 12:22:36.487000+00:00,4a9621709b974eec89f093570b793c28,False
cic-malmem,multiclass,2,quantum,qsvm,joint,0.12230139873518571,0.008163927103164045,0.542,0.11523006572725505,5,2026-07-14 13:48:03.084000+00:00,05d2998d3bda405a8037801815c4cd15,True
cic-malmem,multiclass,2,classical,random_forest,,0.13697878416972661,0.039879526827349084,0.54,,5,2026-07-14 12:23:26.629000+00:00,3a292e86aa424d3da130e0793f51da9f,False
cic-malmem,multiclass,2,classical,random_forest,,0.18515108852508097,0.025441493539266596,0.563,,5,2026-07-14 14:06:08.693000+00:00,0d6bee19457943e6a26a22182d6f253d,True
cic-malmem,multiclass,2,classical,svm,,0.1334767316017316,0.06605179245777931,0.5449999999999999,,5,2026-07-14 12:26:36.040000+00:00,528cd4e40a624a0cbcb6ce1feead4894,False
cic-malmem,multiclass,2,classical,svm,,0.1515649166577374,0.01721813627838436,0.548,,5,2026-07-14 14:21:53.205000+00:00,79cb6ae1bc96466ab0e1b76af7e29d29,True
cic-malmem,multiclass,2,classical,xgboost,,0.10066513419112152,0.03877966558751716,0.5249999999999999,,5,2026-07-14 12:24:28.381000+00:00,1ed126097a3d4c75a0316a97c792e7a8,False
cic-malmem,multiclass,2,classical,xgboost,,0.16157466123618563,0.03151035081256423,0.552,,5,2026-07-14 14:07:41.834000+00:00,fc7a4d3fb05546378d16a4bb50983568,True
cic-malmem,multiclass,3,classical,lightgbm,,0.09396099496709251,0.025980898477524144,0.5050000000000001,,5,2026-07-14 12:30:03.292000+00:00,aa0a58dac9774b36973191c2b4574e7c,False
cic-malmem,multiclass,3,classical,lightgbm,,0.20187278577390363,0.04947235500989252,0.5720000000000001,,5,2026-07-14 14:54:01.125000+00:00,e96d2415ad1a42d2ae399c4bc6b38543,False
cic-malmem,multiclass,3,classical,lightgbm,,0.1185346803402512,0.016436633409909855,0.11400000000000002,,5,2026-07-15 19:41:55.403000+00:00,e98ed0215db04901bd229c1bed0b2746,True
cic-malmem,multiclass,3,quantum,qsvm,angle,0.05846775009588913,0.005706997064299069,0.10300000000000001,0.07947495788908295,5,2026-07-25 08:27:58.215000+00:00,bdcb60b297fd408281b7308a69056b9a,True
cic-malmem,multiclass,3,quantum,qsvm,iqp,0.07068357969607764,0.017647493838518196,0.10999999999999999,0.10048431041761437,5,2026-07-25 08:35:40.985000+00:00,c25edca664374982929e94e46ed36159,True
cic-malmem,multiclass,3,quantum,qsvm,joint,0.0976483383254885,0.05067351054177329,0.52,0.22386079801439718,5,2026-07-14 12:26:45.465000+00:00,46799348df26482e99c2c515075ac639,False
cic-malmem,multiclass,3,quantum,qsvm,joint,0.1242612140346018,0.022624774554255916,0.543,0.11333613812032443,5,2026-07-14 14:22:06.410000+00:00,f28585f51286428b8100e80c70478425,False
cic-malmem,multiclass,3,quantum,qsvm,joint,0.05849303198827214,0.004408220622684793,0.101,0.0952339932902008,5,2026-07-15 19:01:32.032000+00:00,f13276910cf14c8aa9b60b2ef6d339c5,True
cic-malmem,multiclass,3,classical,random_forest,,0.11052532245247262,0.03271930834377217,0.53,,5,2026-07-14 12:27:57.553000+00:00,d1d2212feea74da892823a742c0a6c56,False
cic-malmem,multiclass,3,classical,random_forest,,0.19483120157612183,0.021306760992252136,0.568,,5,2026-07-14 14:49:27.814000+00:00,768fb1e5633545d6aa739a4d73df6b75,False
cic-malmem,multiclass,3,classical,random_forest,,0.13983493205054426,0.013002789379568936,0.138,,5,2026-07-15 19:29:39.227000+00:00,adaf18841ea04cc281a6a6b56c0c0840,True
cic-malmem,multiclass,3,classical,svm,,0.11937766163375918,0.03724080516030212,0.55,,5,2026-07-14 12:31:46.799000+00:00,cf117bf05c344596b6096d60a9aa14ef,False
cic-malmem,multiclass,3,classical,svm,,0.17608374288965814,0.022909867256488657,0.564,,5,2026-07-14 14:58:34.004000+00:00,f57d2654230a4ba49a08841dfa1d0944,False
cic-malmem,multiclass,3,classical,svm,,0.1308613812338487,0.026469811469730244,0.129,,5,2026-07-15 19:47:04.993000+00:00,8565f3553dc84338b1d957c6dd25cf62,False
cic-malmem,multiclass,3,classical,svm,,0.1308613812338487,0.026469811469730244,0.129,,5,2026-07-25 09:24:31.984000+00:00,417480aba8494fee87b088179a620c86,True
cic-malmem,multiclass,3,classical,xgboost,,0.09960996240601501,0.02245278065287485,0.525,,5,2026-07-14 12:29:05.877000+00:00,d2eeec68cefa46e98484e3f2ea135b8e,False
cic-malmem,multiclass,3,classical,xgboost,,0.20591656695816032,0.035222722156468336,0.575,,5,2026-07-14 14:51:04.917000+00:00,eb5e1dcfadea428295c6bbb7092e0009,False
cic-malmem,multiclass,3,classical,xgboost,,0.12698421157190679,0.008731494468466055,0.126,,5,2026-07-15 19:31:55.273000+00:00,d1b967f6fcf64b6e88bd4f2899cf5f55,True
cic-malmem,multiclass,4,classical,lightgbm,,0.0920802005012531,0.019885192557142942,0.51,,5,2026-07-14 12:35:46.078000+00:00,011600073a204b08b6388d367e9325aa,False
cic-malmem,multiclass,4,classical,lightgbm,,0.20128605891457432,0.019163304207443534,0.5730000000000001,,5,2026-07-14 15:42:04.485000+00:00,902ca006e5494800b7a317043d204e88,True
cic-malmem,multiclass,4,quantum,qsvm,joint,0.08528816467361826,0.02571858731021558,0.5199999999999999,0.19185643040157102,5,2026-07-14 12:31:56.464000+00:00,9154c6dfddc6452cab647a71f14bb340,False
cic-malmem,multiclass,4,quantum,qsvm,joint,0.11045066635880854,0.009747100827750895,0.538,0.10421164419179807,5,2026-07-14 14:58:47.212000+00:00,ae980b6923204a7fadf749237df8f9fa,True
cic-malmem,multiclass,4,classical,random_forest,,0.1223705605477107,0.02604425089332514,0.54,,5,2026-07-14 12:33:33.413000+00:00,0faa1cee5276408aa8055acf64c143c0,False
cic-malmem,multiclass,4,classical,random_forest,,0.2121734773634528,0.035382914766938604,0.5740000000000001,,5,2026-07-14 15:38:07.214000+00:00,e2d1bb28475a4d9c8b4aadbc1d3013cc,True
cic-malmem,multiclass,4,classical,svm,,0.10061314363143628,0.028742801537301296,0.53,,5,2026-07-14 12:37:14.538000+00:00,3dec463cdda2467ba1acedf12a3fbf0d,False
cic-malmem,multiclass,4,classical,svm,,0.17040095944740127,0.02465508425761086,0.5589999999999999,,5,2026-07-14 15:47:39.208000+00:00,a4b0846cf9b84b16bd4d701fa718f6ed,True
cic-malmem,multiclass,4,classical,xgboost,,0.11211270436880187,0.03096044953602279,0.53,,5,2026-07-14 12:34:46.490000+00:00,aa9885677cd74a60b33dfddbe14a063c,False
cic-malmem,multiclass,4,classical,xgboost,,0.20940000293942324,0.028876197038238644,0.579,,5,2026-07-14 15:39:48.807000+00:00,20dc2f88a84a4d919b7be86525a52a5c,True
cic-malmem,multiclass,5,classical,lightgbm,,0.12791353383458642,0.020723773009431307,0.5249999999999999,,5,2026-07-14 12:41:47.661000+00:00,06659c5ac0e147589f094f3b26f853da,False
cic-malmem,multiclass,5,classical,lightgbm,,0.19010219008764292,0.020253218601030833,0.569,,5,2026-07-14 16:47:35.990000+00:00,ca2d5bdeefb1404b971af0881703d888,True
cic-malmem,multiclass,5,quantum,qsvm,joint,0.08659337115412964,0.035321037999864795,0.515,0.17044316552247724,5,2026-07-14 12:37:23.297000+00:00,8a23ff1e24364055ba68644992e51b4d,False
cic-malmem,multiclass,5,quantum,qsvm,joint,0.12398459863391002,0.0053797497319597815,0.542,0.09651056660879717,5,2026-07-14 15:47:51.542000+00:00,4b2d85e5d01f47e7b3f7e0c8357cc42e,True
cic-malmem,multiclass,5,classical,random_forest,,0.11737056054771071,0.02904730878261767,0.5349999999999999,,5,2026-07-14 12:39:30.337000+00:00,796b34d512aa40b3acb40a509393a297,False
cic-malmem,multiclass,5,classical,random_forest,,0.206710767451246,0.01770378229580129,0.576,,5,2026-07-14 16:43:06.895000+00:00,ca0840783f97493cb6e8bc75887e9a15,True
cic-malmem,multiclass,5,classical,svm,,0.1182412979973955,0.029517817425780933,0.5450000000000002,,5,2026-07-14 12:43:19.036000+00:00,b64966a0d63f41b49e3234966b99eda6,False
cic-malmem,multiclass,5,classical,svm,,0.1694994158019028,0.014115715333799685,0.56,,5,2026-07-14 16:52:37.089000+00:00,530af2ad2835481bb4708a71c06bc97a,True
cic-malmem,multiclass,5,classical,xgboost,,0.14050885842005112,0.014710910686778622,0.5399999999999999,,5,2026-07-14 12:40:40.872000+00:00,49a5583d1cda45a699b20da2f7365883,False
cic-malmem,multiclass,5,classical,xgboost,,0.21216113180899718,0.036510796027239736,0.583,,5,2026-07-14 16:44:54.039000+00:00,cfabea270fd44c3a80fc96ff49068d2b,True
cic-malmem,multiclass,6,classical,lightgbm,,0.10106829573934831,0.03181461299568684,0.5199999999999999,,5,2026-07-14 12:48:35.779000+00:00,7b338aa63da2466aab8cf581dcf6814d,False
cic-malmem,multiclass,6,classical,lightgbm,,0.22590882679888485,0.033937771402364786,0.586,,5,2026-07-14 18:32:18.575000+00:00,9a6229ebbd0a4ffbbabe708e2d7e6d28,False
cic-malmem,multiclass,6,classical,lightgbm,,0.15712245865844301,0.022080952760688628,0.15100000000000002,,5,2026-07-15 20:33:31.582000+00:00,d8b8d6b34eeb4f3886a552bbb8a158db,True
cic-malmem,multiclass,6,quantum,qsvm,angle,0.06813241013003646,0.014712719270856682,0.11100000000000002,0.06736938927142502,5,2026-07-25 08:43:53.312000+00:00,b5275647876940718c89f75e65852994,True
cic-malmem,multiclass,6,quantum,qsvm,iqp,0.12129802052525969,0.009068877404908596,0.544,0.10397052916308522,5,2026-07-14 16:52:49.958000+00:00,8a35c5cd0cee4e2c8eba0b2212286195,False
cic-malmem,multiclass,6,quantum,qsvm,iqp,0.0793682270676792,0.0170961920327719,0.10600000000000001,0.08818798424438026,5,2026-07-25 08:57:14.019000+00:00,08ee6713057549948962f703cf712d9c,True
cic-malmem,multiclass,6,quantum,qsvm,joint,0.07990719058434073,0.017575884898267235,0.5149999999999999,0.16776428400601925,5,2026-07-14 12:43:28.445000+00:00,106bb908572a4bac8a46df8d01ae928a,False
cic-malmem,multiclass,6,quantum,qsvm,joint,0.0707703494637253,0.014076878940283763,0.10600000000000001,0.08120609967039569,5,2026-07-15 19:58:21.736000+00:00,c5a2092920a24462bcfdc2c9f2496a3f,True
cic-malmem,multiclass,6,classical,random_forest,,0.10820389388104404,0.025030027225371534,0.53,,5,2026-07-14 12:46:19.375000+00:00,612d502788184b5695cda98dc70634a8,False
cic-malmem,multiclass,6,classical,random_forest,,0.1996605886680783,0.020703470058918535,0.571,,5,2026-07-14 18:21:44.228000+00:00,7e96862c97c04549ad6b45ca0309a76c,False
cic-malmem,multiclass,6,classical,random_forest,,0.1509929786505269,0.026183035870944185,0.151,,5,2026-07-15 20:26:30.496000+00:00,ed570c853f16403185ae3cb6f72ffece,True
cic-malmem,multiclass,6,classical,svm,,0.10368687216007495,0.021934453974920616,0.5199999999999999,,5,2026-07-14 12:50:00.543000+00:00,82a1e4bbd1e84e05ad58b70d0f0cd418,False
cic-malmem,multiclass,6,classical,svm,,0.18386234369289128,0.031197785491386694,0.568,,5,2026-07-14 18:54:44.414000+00:00,aa1a21e5090c4760ac3e8009e71d7be8,False
cic-malmem,multiclass,6,classical,svm,,0.1647451081849126,0.0233163205904355,0.17,,5,2026-07-15 20:39:05.893000+00:00,559523786214434c8376d95cac638354,False
cic-malmem,multiclass,6,classical,svm,,0.1647451081849126,0.0233163205904355,0.17,,5,2026-07-25 09:24:50.726000+00:00,de31f190a83d4f64bba8faf1bd3bf2b6,True
cic-malmem,multiclass,6,classical,xgboost,,0.10518168471376962,0.019694651953836385,0.5199999999999999,,5,2026-07-14 12:47:32.817000+00:00,d109883160a34455aa3a1c19183c2616,False
cic-malmem,multiclass,6,classical,xgboost,,0.21869374162818592,0.039225225731451846,0.583,,5,2026-07-14 18:24:54.938000+00:00,309816cb9e9c43d6bb3759e65719a210,False
cic-malmem,multiclass,6,classical,xgboost,,0.1493892811235486,0.024862528857063502,0.14800000000000002,,5,2026-07-15 20:28:51.150000+00:00,0ce10d7756a44c60b4cd7d534a982303,True
cic-malmem,multiclass,8,quantum,qsvm,angle,0.06930095237768397,0.006153182288601485,0.10900000000000001,0.05998640779084462,5,2026-07-25 07:22:30.557000+00:00,8477fb9b7a164a629dd3b97577cca5c7,True
cic-malmem,multiclass,8,quantum,qsvm,iqp,0.07394409697782563,0.010339364420670703,0.10600000000000001,0.07984180340077202,5,2026-07-25 07:39:27.803000+00:00,5d8627cee88b45949a9ecc679694117b,True
cic-malmem,multiclass,8,classical,svm,,0.17720968453984048,0.03546894592472447,0.181,,5,2026-07-25 09:21:41.738000+00:00,5aa24e3d30304e16b0dde68f0d874e98,True
ember-2018,binary,1,classical,lightgbm,,0.5092935288790749,0.03349796444463546,0.648,,5,2026-08-01 15:12:05.188000+00:00,397a2841e2e342019b46e3716132e9d8,True
ember-2018,binary,1,quantum,qsvm,angle,0.45322434443718534,0.027659121026005023,0.733,0.09035800763065695,5,2026-07-25 03:34:36.307000+00:00,cd8e909f764e4c39bfd5016e73556a9c,True
ember-2018,binary,1,quantum,qsvm,iqp,0.4586800836140913,0.02285259292921505,0.741,0.08347141339979769,5,2026-07-25 03:39:09.897000+00:00,025ff57a65394ef28ca8db07cb0292c8,True
ember-2018,binary,1,classical,random_forest,,0.558183651105556,0.024208412077391054,0.7350000000000001,,5,2026-08-01 15:10:27.928000+00:00,7d63edbdd8b64802b2cdfc620689339c,True
ember-2018,binary,1,classical,svm,,0.5313954328560812,0.027722137149820893,0.6619999999999999,,5,2026-07-25 04:36:17.322000+00:00,0aee3fd6e6984bafa20fad298f526dc3,True
ember-2018,binary,1,classical,xgboost,,0.5450716303165196,0.019560010746819772,0.729,,5,2026-08-01 15:11:44.430000+00:00,1a50d1397cf040caa614fe7b5e76fa0c,True
ember-2018,binary,3,classical,lightgbm,,0.6433515549708316,0.015960653934283336,0.86,,5,2026-08-01 15:14:39.175000+00:00,3f33ff6b2e634cdd85735815fe7dbe57,True
ember-2018,binary,3,quantum,qsvm,angle,0.4923946968218448,0.054822389311896653,0.6020000000000001,0.10907629925407407,5,2026-07-25 03:41:50.658000+00:00,9659ce782b074ff4b39fdb7b0c76b6cb,True
ember-2018,binary,3,quantum,qsvm,iqp,0.5083580434639654,0.03471271968282647,0.6249999999999999,0.12226344595539311,5,2026-07-25 03:50:01.516000+00:00,ac4e5adb8ab1485a8f7883e3ca328ba3,True
ember-2018,binary,3,classical,random_forest,,0.6574827217845197,0.05443031042038229,0.8469999999999999,,5,2026-08-01 15:12:38.779000+00:00,396fe8cceb6d463db8848a26c2de0389,True
ember-2018,binary,3,classical,svm,,0.6305534481296396,0.01915791735692955,0.82,,5,2026-07-25 04:36:34.892000+00:00,dadaaae1e98b4b64900ebbbc55da7fa6,True
ember-2018,binary,3,classical,xgboost,,0.6465250284398584,0.061397298091690394,0.852,,5,2026-08-01 15:14:12.439000+00:00,2fcfeb26f29c4c83b8fd062556e15b73,True
ember-2018,binary,6,classical,lightgbm,,0.6593205587149195,0.07080335775209054,0.884,,5,2026-08-01 15:17:19.866000+00:00,95ba47507b954256a5efbd7cf38e4382,True
ember-2018,binary,6,quantum,qsvm,angle,0.5137703485856953,0.008364040832568864,0.635,0.09796551248519074,5,2026-07-25 03:58:21.049000+00:00,f1ecc33999864e2496eb4f1a450807e1,True
ember-2018,binary,6,quantum,qsvm,iqp,0.5136751583392752,0.03718557103386587,0.636,0.129865105434209,5,2026-07-25 04:11:22.960000+00:00,57f87900e4e34a5a898343d9f729852e,True
ember-2018,binary,6,classical,random_forest,,0.6834706145293937,0.07408713602868608,0.875,,5,2026-08-01 15:15:14.972000+00:00,c84def897b664d9595e590a7c1152652,True
ember-2018,binary,6,classical,svm,,0.6724286391079743,0.03761331566681061,0.8460000000000001,,5,2026-07-25 04:36:58.013000+00:00,c4bf7687fb8f4d05bdc670ee2e577f4c,True
ember-2018,binary,6,classical,xgboost,,0.6680491149670307,0.048861866969122154,0.881,,5,2026-08-01 15:16:50.905000+00:00,8edc02dd49c54922929834f9b72821aa,True
ember-2018,multiclass,1,classical,lightgbm,,0.5410497296181371,0.04138471202342823,0.5429999999999999,,5,2026-08-01 15:21:46.226000+00:00,ba3851340852450eb560655d9a9424f2,True
ember-2018,multiclass,1,quantum,qsvm,angle,0.1687874423062498,0.031298013127674745,0.27,0.20444504810736683,5,2026-07-25 06:08:50.564000+00:00,5d2a41ad00cc44db8331893aeafdffc8,True
ember-2018,multiclass,1,quantum,qsvm,iqp,0.1541059044527347,0.02623387259066,0.24300000000000002,0.17557621154279465,5,2026-07-25 06:12:51.331000+00:00,7b122f323bfe45efaac4836a2f55d709,True
ember-2018,multiclass,1,classical,random_forest,,0.5561907822699944,0.026773005059180812,0.557,,5,2026-08-01 15:17:57.817000+00:00,ce9a722a50124d2faaeaf118b1836442,True
ember-2018,multiclass,1,classical,svm,,0.5294133321269644,0.03275969663457977,0.538,,5,2026-07-25 07:10:25.571000+00:00,352a171871104576a96cdd9da6c9a0e7,True
ember-2018,multiclass,1,classical,xgboost,,0.5312993318673407,0.031530371075570864,0.54,,5,2026-08-01 15:19:44.761000+00:00,2d2af17a64e64953a4ffe2b19e4815ea,True
ember-2018,multiclass,3,classical,lightgbm,,0.7035166656421288,0.021559698153587544,0.7070000000000001,,5,2026-08-01 15:30:20.138000+00:00,35007c5291e54ce9b9abd40c759d0629,True
ember-2018,multiclass,3,quantum,qsvm,angle,0.3907884921141812,0.05897160899842711,0.43999999999999995,0.1942394485012134,5,2026-07-25 06:15:50.378000+00:00,b702bade04224702a496162b3ad19495,True
ember-2018,multiclass,3,quantum,qsvm,iqp,0.47967988975021375,0.02773655697843324,0.523,0.2568616789170798,5,2026-07-25 06:23:47.047000+00:00,ae8c8416a7004e9b944b21531a28e146,True
ember-2018,multiclass,3,classical,random_forest,,0.7194150267875187,0.010189437206761841,0.723,,5,2026-08-01 15:26:11.118000+00:00,05e41aadff3b4a25a66753499a409564,True
ember-2018,multiclass,3,classical,svm,,0.7389146603571525,0.0060825918710513335,0.728,,5,2026-07-25 07:10:51.064000+00:00,a674e5684c04470299f485f176307943,True
ember-2018,multiclass,3,classical,xgboost,,0.7088932915246975,0.016242386288341112,0.712,,5,2026-08-01 15:27:53.375000+00:00,4640e9654b484d5aab68feda7711acda,True
ember-2018,multiclass,6,classical,lightgbm,,0.7709149311725378,0.016617359904644538,0.774,,5,2026-08-01 15:39:16.392000+00:00,f809c336d4444570993c933bdb452555,True
ember-2018,multiclass,6,quantum,qsvm,angle,0.4231914469080187,0.07505154382923375,0.462,0.13626033434162219,5,2026-07-25 06:32:06.077000+00:00,e8c3b522f23747d7a88ff64b500994f4,True
ember-2018,multiclass,6,quantum,qsvm,iqp,0.5194531423927002,0.05819172074328739,0.5469999999999999,0.21036378722103014,5,2026-07-25 06:45:34.253000+00:00,525bd7701b794e40a18339283e4a563f,True
ember-2018,multiclass,6,classical,random_forest,,0.790284972037212,0.023802890339146135,0.7909999999999999,,5,2026-08-01 15:33:37.279000+00:00,78646f7015984eaa98204b24d682ee6b,True
ember-2018,multiclass,6,classical,svm,,0.7930427412212524,0.020806567050482908,0.785,,5,2026-07-25 07:11:20.303000+00:00,2186443c6a044ab9b7a8dcb44ef54e4c,True
ember-2018,multiclass,6,classical,xgboost,,0.7659059371642711,0.02136566721648535,0.766,,5,2026-08-01 15:35:45.706000+00:00,012dfa0e0bee4d3abbeab61c5f0f61db,True
